Skoda Octavia (2004 - 2008) CEGA (170ps/125kw/200ltr/4cyl);https://7zap.com/ru/catalog/cars/Skoda/Octavia/Octavia %282004 - 2008%29/cCsyRW45akFOWGhML1JFQk1zdHdzUT09--/
Skoda Octavia (2004 - 2008) BKD (140ps/103kw/200ltr/4cyl);https://7zap.com/ru/catalog/cars/Skoda/Octavia/Octavia %282004 - 2008%29/MER0VGtYOEhRWkhneVNPTElzRlZTQT09--/
Skoda Octavia (2004 - 2008) AZV (136ps/100kw/200ltr/4cyl);https://7zap.com/ru/catalog/cars/Skoda/Octavia/Octavia %282004 - 2008%29/cTJzTUNJRGdpTlFnT3dPNk91QktXdz09--/
Skoda Octavia (2004 - 2008) BMM (140ps/103kw/200ltr/4cyl);https://7zap.com/ru/catalog/cars/Skoda/Octavia/Octavia %282004 - 2008%29/OWV3MWpiTHVKN011WVUrRFgrNE8ydz09--/
Skoda Octavia (2004 - 2008) CDAA (160ps/118kw/180ltr/4cyl);https://7zap.com/ru/catalog/cars/Skoda/Octavia/Octavia %282004 - 2008%29/d0wzTGplNUpQWWZxdUhCLytHZTFTQT09--/
Skoda Octavia (2004 - 2008) CAXA (122ps/90kw/140ltr/4cyl);https://7zap.com/ru/catalog/cars/Skoda/Octavia/Octavia %282004 - 2008%29/U3hiWjRyNWgrMFpCd29VTWMyTTNSZz09--/
Skoda Octavia (2004 - 2008) BSF (102ps/75kw/160ltr/4cyl);https://7zap.com/ru/catalog/cars/Skoda/Octavia/Octavia %282004 - 2008%29/M2tMejd6NlVJT1F3a3IxK3VYS2h1QT09--/
Skoda Octavia (2004 - 2008) BSE (102ps/75kw/160ltr/4cyl);https://7zap.com/ru/catalog/cars/Skoda/Octavia/Octavia %282004 - 2008%29/ZUNXbGJrL0JSTS9xMnBvV20xN0xZZz09--/
Skoda Octavia (2004 - 2008) BJB (105ps/77kw/190ltr/4cyl);https://7zap.com/ru/catalog/cars/Skoda/Octavia/Octavia %282004 - 2008%29/Q2VHOWhPcDlpQnEyUndHUWV5QTRBdz09--/
Skoda Octavia (2004 - 2008) BXE (105ps/77kw/190ltr/4cyl);https://7zap.com/ru/catalog/cars/Skoda/Octavia/Octavia %282004 - 2008%29/ZFMvYjBOcmNVdkhhRXNBK1JQMDU2dz09--/
Skoda Octavia (2004 - 2008) BLS (105ps/77kw/190ltr/4cyl);https://7zap.com/ru/catalog/cars/Skoda/Octavia/Octavia %282004 - 2008%29/TkVrcUR3cVlWWUJEbTVJbThtS2t5UT09--/
Skoda Octavia (2004 - 2008) BWA (200ps/147kw/200ltr/4cyl);https://7zap.com/ru/catalog/cars/Skoda/Octavia/Octavia %282004 - 2008%29/ZnhUQ2xVOHVucVZsYnB1UlAvRXZXUT09--/
Skoda Octavia (2004 - 2008) BMN (170ps/125kw/200ltr/4cyl);https://7zap.com/ru/catalog/cars/Skoda/Octavia/Octavia %282004 - 2008%29/U2RsdjFkQitTMHJNY0RHS1lzaVRhUT09--/
Skoda Octavia (2004 - 2008) BVZ (150ps/110kw/200ltr/4cyl);https://7zap.com/ru/catalog/cars/Skoda/Octavia/Octavia %282004 - 2008%29/dWF6SFJZY2ZWS1hxenZFckJiajJWQT09--/
Skoda Octavia (2004 - 2008) BZB (160ps/118kw/180ltr/4cyl);https://7zap.com/ru/catalog/cars/Skoda/Octavia/Octavia %282004 - 2008%29/dUFTV3ExMFBzaFFhNnBZcEZ1SURzZz09--/
Skoda Octavia (2004 - 2008) BVY (150ps/110kw/200ltr/4cyl);https://7zap.com/ru/catalog/cars/Skoda/Octavia/Octavia %282004 - 2008%29/dzYvdnQ1TDYzYlZkRVdIOXNrQXZXZz09--/
Skoda Octavia (2004 - 2008) BVX (150ps/110kw/200ltr/4cyl);https://7zap.com/ru/catalog/cars/Skoda/Octavia/Octavia %282004 - 2008%29/MmhsTDBYWjBnOTNGY1Y0UEt1Z0NUUT09--/
Skoda Octavia (2004 - 2008) BUD (80ps/59kw/140ltr/4cyl);https://7zap.com/ru/catalog/cars/Skoda/Octavia/Octavia %282004 - 2008%29/VDArSDd3M1IwVW0wRkJ5MkZKM3YzQT09--/
Skoda Octavia (2004 - 2008) BLF (115ps/85kw/160ltr/4cyl);https://7zap.com/ru/catalog/cars/Skoda/Octavia/Octavia %282004 - 2008%29/d1lFb2J4MkNtaWFBaHc2WmNnU0hydz09--/
Skoda Octavia (2004 - 2008) BCA (75ps/55kw/140ltr/4cyl);https://7zap.com/ru/catalog/cars/Skoda/Octavia/Octavia %282004 - 2008%29/YmpDYTRubDRNWGI3WW9pRS9aNGtXZz09--/
Skoda Octavia (2004 - 2008) AZH (115ps/85kw/200ltr/4cyl);https://7zap.com/ru/catalog/cars/Skoda/Octavia/Octavia %282004 - 2008%29/KzdVbTlQSjY0emNYVzAyZnRrQnVzdz09--/
Skoda Octavia (2004 - 2008) AUQ (180ps/132kw/180ltr/4cyl);https://7zap.com/ru/catalog/cars/Skoda/Octavia/Octavia %282004 - 2008%29/U0ZFbUExVXZhcE1ENHAwSUdXYWdtZz09--/
Skoda Octavia (2004 - 2008) AUM (150ps/110kw/180ltr/4cyl);https://7zap.com/ru/catalog/cars/Skoda/Octavia/Octavia %282004 - 2008%29/YlBYdk51QnN1SXNQY2E0RldsZnJ6UT09--/
Skoda Octavia (2004 - 2008) AGU (150ps/110kw/180ltr/4cyl);https://7zap.com/ru/catalog/cars/Skoda/Octavia/Octavia %282004 - 2008%29/cmUxZEIvNCt4cTgxQUFyOUFzcGpyZz09--/
Skoda Octavia (2004 - 2008) ALH (90ps/66kw/190ltr/4cyl);https://7zap.com/ru/catalog/cars/Skoda/Octavia/Octavia %282004 - 2008%29/WE5ON05hbnZzZHRtQXBCclNxRlh1UT09--/
Skoda Octavia (2004 - 2008) APK (115ps/85kw/200ltr/4cyl);https://7zap.com/ru/catalog/cars/Skoda/Octavia/Octavia %282004 - 2008%29/TUlwL0NVZ1M0ZTNITEM1S2hiclhWdz09--/
Skoda Octavia (2004 - 2008) ASZ (131ps/96kw/190ltr/4cyl);https://7zap.com/ru/catalog/cars/Skoda/Octavia/Octavia %282004 - 2008%29/UFh0UllmT3hDOXV4c2dwTm9HK0g0UT09--/
Skoda Octavia (2004 - 2008) AEE (75ps/55kw/160ltr/4cyl);https://7zap.com/ru/catalog/cars/Skoda/Octavia/Octavia %282004 - 2008%29/WVpLdmo5Y1p0ZGhwMGczQU83aldudz09--/
Skoda Octavia (2004 - 2008) AXR (101ps/74kw/190ltr/4cyl);https://7zap.com/ru/catalog/cars/Skoda/Octavia/Octavia %282004 - 2008%29/MTRLamNNU21JdFRmMmM4MTdsOEdlQT09--/
Skoda Octavia (2004 - 2008) AXP (75ps/55kw/140ltr/4cyl);https://7zap.com/ru/catalog/cars/Skoda/Octavia/Octavia %282004 - 2008%29/TnRnS0pBNUU3T0RoT0toWkZjbjlVQT09--/
Skoda Octavia (2004 - 2008) AVU (102ps/75kw/160ltr/4cyl);https://7zap.com/ru/catalog/cars/Skoda/Octavia/Octavia %282004 - 2008%29/ZmJidlo0UWdkMjF2NzR0ckxVVDI0dz09--/
Skoda Octavia (2004 - 2008) AQY (115ps/85kw/200ltr/4cyl);https://7zap.com/ru/catalog/cars/Skoda/Octavia/Octavia %282004 - 2008%29/VXVSbDZCR0xmS0RwZjVXU0xEVHhsdz09--/
Skoda Octavia (2004 - 2008) AGR (90ps/66kw/190ltr/4cyl);https://7zap.com/ru/catalog/cars/Skoda/Octavia/Octavia %282004 - 2008%29/OHhOYlVrZC9KeWp4ZXFhMVE5Smt0Zz09--/
Skoda Octavia (2004 - 2008) ARX (150ps/110kw/180ltr/4cyl);https://7zap.com/ru/catalog/cars/Skoda/Octavia/Octavia %282004 - 2008%29/KzRMNG5FMDB1V0RqRFRGNTd6UkJPUT09--/
Skoda Octavia (2004 - 2008) CCSA (102ps/75kw/160ltr/4cyl);https://7zap.com/ru/catalog/cars/Skoda/Octavia/Octavia %282004 - 2008%29/VW5CTnVraDVIMUV1cVJLWUpUNThLdz09--/
Skoda Octavia (2004 - 2008) BLR (150ps/110kw/200ltr/4cyl);https://7zap.com/ru/catalog/cars/Skoda/Octavia/Octavia %282004 - 2008%29/Y0o0cXhDSlBYU2lydFZQK29qSjEvQT09--/
Skoda Octavia (2004 - 2008) BLX (150ps/110kw/200ltr/4cyl);https://7zap.com/ru/catalog/cars/Skoda/Octavia/Octavia %282004 - 2008%29/S1JHUG9GNFNUOGhHQ3AybTM1bFNpZz09--/
Skoda Octavia (2004 - 2008) BLY (150ps/110kw/200ltr/4cyl);https://7zap.com/ru/catalog/cars/Skoda/Octavia/Octavia %282004 - 2008%29/RnN0WDRVNENHQVJnUEVtQUwxdTR3dz09--/
Skoda Octavia (2004 - 2008) CGGA (80ps/59kw/140ltr/4cyl);https://7zap.com/ru/catalog/cars/Skoda/Octavia/Octavia %282004 - 2008%29/RjhCUzlvZ29ZMFptczJ2eFdMdFllZz09--/
Skoda Octavia (2004 - 2008) CMXA (102ps/75kw/160ltr/4cyl);https://7zap.com/ru/catalog/cars/Skoda/Octavia/Octavia %282004 - 2008%29/Nml4TmdpUzFYcDQ4eStrTDdJeWtuZz09--/
Skoda Octavia (2004 - 2008) AHF (110ps/81kw/190ltr/4cyl);https://7zap.com/ru/catalog/cars/Skoda/Octavia/Octavia %282004 - 2008%29/anNQQ0w1UE52NUJidEF3WmlYRVM3UT09--/
Skoda Octavia (2004 - 2008) ASV (110ps/81kw/190ltr/4cyl);https://7zap.com/ru/catalog/cars/Skoda/Octavia/Octavia %282004 - 2008%29/d28vT0JiazNKRWNTQjNER00xWitWZz09--/
Skoda Octavia (2004 - 2008) AEH (100ps/74kw/160ltr/4cyl);https://7zap.com/ru/catalog/cars/Skoda/Octavia/Octavia %282004 - 2008%29/ZUM5NlJjayswMkhaK1JrK0Nic1BTZz09--/
Skoda Octavia (2004 - 2008) AKL (100ps/74kw/160ltr/4cyl);https://7zap.com/ru/catalog/cars/Skoda/Octavia/Octavia %282004 - 2008%29/Z2ZKM0xPSURPV1UyQ1JudjNLN1pidz09--/
Skoda Octavia (2004 - 2008) BFQ (102ps/75kw/160ltr/4cyl);https://7zap.com/ru/catalog/cars/Skoda/Octavia/Octavia %282004 - 2008%29/SjcvcThscHcvOS9YSWx4L2lsM2REZz09--/
Skoda Octavia (2004 - 2008) AEG (115ps/85kw/200ltr/4cyl);https://7zap.com/ru/catalog/cars/Skoda/Octavia/Octavia %282004 - 2008%29/YnVoTXV5cU1ldFQ3ZTcyQW9MRmFOZz09--/
Skoda Octavia (2004 - 2008) ATD (100ps/74kw/190ltr/4cyl);https://7zap.com/ru/catalog/cars/Skoda/Octavia/Octavia %282004 - 2008%29/RGpFcHppRjF1aWVWQmZQQVNpd3RMQT09--/
Skoda Octavia (2004 - 2008) AZJ (115ps/85kw/200ltr/4cyl);https://7zap.com/ru/catalog/cars/Skoda/Octavia/Octavia %282004 - 2008%29/ZmFZb0xpWFpTaUI5Rk9YMjZ3RTNnUT09--/